price,drivetrain,model,year,province,front_legroom(mm),battery_charge_time(hr),battery_range(km),mileage(km)
34999,Rear-Wheel Drive,Model 3,2022.0,NS,1085.0,10.0,430.0,51060
49980,All-Wheel Drive,Model X,2017.0,BC,1046.0,12.0,475.0,136200
31690,unknown,Model 3,2020.0,BC,1085.0,10.0,430.0,41722
26888,Rear-Wheel Drive,Model 3,2019.0,ON,1085.0,10.0,386.0,42000
39990,All-Wheel Drive,Model 3,2022.0,AB,1085.0,10.0,538.0,50870
41995,All-Wheel Drive,Model 3,2023.0,ON,1085.0,11.5,576.0,27000
23995,All-Wheel Drive,Model S,2015.0,ON,1085.0,12.0,435.0,130000
32800,All-Wheel Drive,Model 3,2020.0,ON,1085.0,10.0,518.0,48000
29555,Rear-Wheel Drive,Model 3,2020.0,BC,1085.0,10.0,402.0,69838
42880,All-Wheel Drive,Model 3,2023.0,ON,1085.0,11.5,576.0,26000
40900,Rear-Wheel Drive,Model Y,2023.0,ON,1064.0,9.4,418.0,24900
37895,All-Wheel Drive,Model X,2016.0,ON,1046.0,12.0,414.0,129710
25729,Rear-Wheel Drive,Model 3,2019.0,QC,1085.0,10.0,499.0,98700
34900,Rear-Wheel Drive,Model 3,2021.0,BC,1085.0,10.0,430.0,23317
40996,Rear-Wheel Drive,Model Y,2023.0,ON,1064.0,9.4,418.0,24500
40888,All-Wheel Drive,Model 3,2023.0,ON,1085.0,11.5,576.0,30136
36880,All-Wheel Drive,Model 3,2020.0,ON,1085.0,10.0,481.0,60716
26888,Rear-Wheel Drive,Model 3,2020.0,ON,1085.0,10.0,402.0,72000
29995,All-Wheel Drive,Model 3,2019.0,BC,1085.0,10.0,499.0,95648
37480,All-Wheel Drive,Model Y,2021.0,ON,1062.0,10.0,509.0,93469
23990,All-Wheel Drive,Model 3,2020.0,ON,1085.0,10.0,354.0,94360
43880,All-Wheel Drive,Model 3,2022.0,ON,1085.0,10.0,507.0,46600
50450,All-Wheel Drive,Model X,2016.0,BC,1046.0,12.0,402.0,81000
23995,Rear-Wheel Drive,Model S,2014.0,ON,1085.0,12.0,407.0,115000
42777,Rear-Wheel Drive,Model Y,2021.0,BC,1062.0,10.0,393.0,35001
28800,Rear-Wheel Drive,Model 3,2020.0,ON,1085.0,10.0,402.0,53936
35980,All-Wheel Drive,Model 3,2021.0,ON,1085.0,10.0,568.0,47200
24498,All-Wheel Drive,Model 3,2018.0,QC,1085.0,10.0,499.0,92107
24995,All-Wheel Drive,Model 3,2020.0,ON,1085.0,10.0,354.0,78966
24988,Rear-Wheel Drive,Model 3,2020.0,ON,1085.0,10.0,402.0,100000
29880,Rear-Wheel Drive,Model 3,2021.0,ON,1085.0,10.0,430.0,45330
28990,Rear-Wheel Drive,Model 3,2021.0,NS,1085.0,10.0,430.0,72102
40980,All-Wheel Drive,Model Y,2021.0,ON,1062.0,10.0,509.0,63588
23800,Rear-Wheel Drive,Model 3,2020.0,ON,1085.0,10.0,402.0,115000
41888,All-Wheel Drive,Model 3,2023.0,ON,1085.0,11.5,576.0,20659
24995,All-Wheel Drive,Model 3,2020.0,ON,1085.0,10.0,354.0,79400
28800,Rear-Wheel Drive,Model 3,2020.0,BC,1085.0,10.0,402.0,78000
17880,Rear-Wheel Drive,Model 3,2019.0,ON,1085.0,10.0,386.0,190000
46450,All-Wheel Drive,Model Y,2021.0,BC,1062.0,10.0,509.0,41372
24995,All-Wheel Drive,Model 3,2020.0,ON,1085.0,10.0,354.0,79889
27880,Rear-Wheel Drive,Model 3,2021.0,ON,1085.0,10.0,430.0,71700
28800,Rear-Wheel Drive,Model 3,2022.0,ON,1085.0,10.0,430.0,92380
25888,Rear-Wheel Drive,Model 3,2019.0,ON,1085.0,10.0,386.0,63000
29980,All-Wheel Drive,Model 3,2019.0,QC,1085.0,10.0,499.0,63856
52800,All-Wheel Drive,Model Y,2022.0,BC,1062.0,10.0,531.0,29381
30800,Rear-Wheel Drive,Model 3,2020.0,ON,1085.0,10.0,402.0,32837
25900,Rear-Wheel Drive,Model 3,2021.0,ON,1085.0,10.0,430.0,97700
53990,unknown,Model X,2017.0,AB,1046.0,12.0,475.0,53500
34490,All-Wheel Drive,Model 3,2020.0,ON,1085.0,10.0,518.0,32453
40999,All-Wheel Drive,Model 3,2023.0,AB,1085.0,11.5,576.0,71456
27995,All-Wheel Drive,Model 3,2019.0,ON,1085.0,10.0,499.0,99025
30900,Rear-Wheel Drive,Model 3,2022.0,ON,1085.0,10.0,430.0,65400
47998,All-Wheel Drive,Model Y,2021.0,BC,1062.0,10.0,507.0,77203
43888,All-Wheel Drive,Model X,2016.0,BC,1046.0,12.0,383.0,114250
41988,All-Wheel Drive,Model 3,2023.0,ON,1085.0,11.5,576.0,40000
44998,All-Wheel Drive,Model Y,2021.0,BC,1062.0,10.0,509.0,62978
28500,Rear-Wheel Drive,Model 3,2018.0,BC,1085.0,12.0,499.0,106300
79999,All-Wheel Drive,Model S,2021.0,QC,1085.0,15.0,628.0,57936
50995,All-Wheel Drive,Model X,2018.0,ON,1046.0,12.0,475.0,107223
38800,Rear-Wheel Drive,Model 3,2023.0,BC,1085.0,10.4,438.0,30613
39990,All-Wheel Drive,Model 3,2022.0,AB,1085.0,10.0,538.0,56821
29492,Rear-Wheel Drive,Model 3,2021.0,ON,1085.0,10.0,430.0,71207
27900,Rear-Wheel Drive,Model 3,2020.0,BC,1085.0,10.0,402.0,99000
52995,All-Wheel Drive,Model Y,2022.0,ON,1062.0,10.0,488.0,31924
54995,All-Wheel Drive,Model Y,2023.0,BC,1062.0,11.5,531.0,17250
45800,All-Wheel Drive,Model Y,2021.0,ON,1063.0,10.0,509.0,22965
19880,All-Wheel Drive,Model 3,2020.0,ON,1085.0,10.0,354.0,164688
42995,Rear-Wheel Drive,Model Y,2023.0,ON,1064.0,9.4,418.0,7600
38900,All-Wheel Drive,Model Y,2021.0,ON,1062.0,10.0,509.0,85000
27995,Rear-Wheel Drive,Model 3,2019.0,BC,1085.0,10.0,425.0,109310
28990,All-Wheel Drive,Model 3,2020.0,ON,1085.0,10.0,518.0,97800
24995,Rear-Wheel Drive,Model 3,2020.0,ON,1085.0,10.0,402.0,90900
36980,All-Wheel Drive,Model Y,2021.0,ON,1062.0,10.0,509.0,108886
23990,Rear-Wheel Drive,Model 3,2019.0,ON,1085.0,10.0,354.0,88766
34800,Rear-Wheel Drive,Model 3,2021.0,BC,1085.0,10.0,430.0,38600
76888,All-Wheel Drive,Model X,2020.0,ON,1046.0,12.0,491.0,65200
37480,All-Wheel Drive,Model Y,2021.0,ON,1063.0,10.0,509.0,98600
29995,Rear-Wheel Drive,Model 3,2019.0,BC,1085.0,10.0,386.0,69000
34880,Rear-Wheel Drive,Model 3,2023.0,ON,1085.0,10.4,438.0,50688
43979,All-Wheel Drive,Model 3,2023.0,QC,1085.0,11.5,576.0,37800
45998,All-Wheel Drive,Model Y,2020.0,QC,1062.0,10.0,507.0,24215
39888,All-Wheel Drive,Model 3,2022.0,ON,1085.0,10.0,538.0,33495
27995,Rear-Wheel Drive,Model 3,2020.0,QC,1085.0,10.0,402.0,70535
45489,All-Wheel Drive,Model 3,2022.0,QC,1085.0,10.0,507.0,41229
26995,Rear-Wheel Drive,Model 3,2018.0,ON,1085.0,12.0,354.0,76920
27490,Rear-Wheel Drive,Model 3,2020.0,NS,1085.0,10.0,402.0,81680
26880,Rear-Wheel Drive,Model 3,2021.0,ON,1085.0,10.0,430.0,89000
25988,Rear-Wheel Drive,Model 3,2020.0,ON,1085.0,10.0,402.0,93000
28480,Rear-Wheel Drive,Model 3,2021.0,ON,1085.0,10.0,430.0,68857
23995,Rear-Wheel Drive,Model 3,2019.0,ON,1085.0,10.0,386.0,98000
39887,All-Wheel Drive,Model Y,2021.0,ON,1062.0,10.0,509.0,77966
42995,All-Wheel Drive,Model 3,2022.0,AB,1085.0,10.0,538.0,50451
48995,All-Wheel Drive,Model Y,2023.0,QC,1062.0,11.5,531.0,41201
35800,Rear-Wheel Drive,Model 3,2023.0,ON,1085.0,10.4,438.0,23586
21795,Rear-Wheel Drive,Model 3,2020.0,ON,1085.0,10.0,402.0,137000
48995,All-Wheel Drive,Model Y,2021.0,BC,1062.0,10.0,509.0,19061
34998,Rear-Wheel Drive,Model 3,2021.0,BC,1085.0,10.0,430.0,31516
28900,Rear-Wheel Drive,Model 3,2021.0,ON,1085.0,10.0,430.0,49699
49888,All-Wheel Drive,Model X,2016.0,BC,1045.0,12.0,402.0,85049
52520,All-Wheel Drive,Model Y,2022.0,ON,1062.0,10.0,488.0,39253
34490,All-Wheel Drive,Model 3,2020.0,ON,1085.0,10.0,518.0,35966
23800,All-Wheel Drive,Model 3,2020.0,ON,1085.0,10.0,518.0,160426
33990,All-Wheel Drive,Model 3,2021.0,ON,1085.0,10.0,568.0,72866
28480,Rear-Wheel Drive,Model 3,2021.0,ON,1085.0,10.0,430.0,69860
33998,Rear-Wheel Drive,Model 3,2022.0,BC,1085.0,10.0,430.0,69000
33480,All-Wheel Drive,Model 3,2020.0,ON,1085.0,10.0,518.0,48000
46999,All-Wheel Drive,Model S,2017.0,BC,1085.0,12.0,539.0,64255
28480,Rear-Wheel Drive,Model 3,2021.0,ON,1085.0,10.0,430.0,70000
52785,All-Wheel Drive,Model Y,2023.0,QC,1062.0,11.8,488.0,33350
45784,All-Wheel Drive,Model 3,2021.0,MB,1085.0,10.0,507.0,40000
41880,All-Wheel Drive,Model Y,2021.0,ON,1062.0,10.0,509.0,57000
39999,All-Wheel Drive,Model 3,2022.0,QC,1085.0,10.0,538.0,55234
54999,All-Wheel Drive,Model Y,2023.0,QC,1062.0,11.8,488.0,13681
33480,All-Wheel Drive,Model 3,2020.0,ON,1085.0,10.0,518.0,48300
45995,All-Wheel Drive,Model X,2016.0,ON,1046.0,12.0,402.0,109206
34979,All-Wheel Drive,Model S,2017.0,ON,1085.0,12.0,417.0,91345
35800,Rear-Wheel Drive,Model 3,2023.0,ON,1085.0,10.4,438.0,42627
32995,Rear-Wheel Drive,Model 3,2022.0,QC,1085.0,10.0,430.0,33242
45795,All-Wheel Drive,Model Y,2022.0,ON,1062.0,10.0,488.0,88351
36980,All-Wheel Drive,Model Y,2021.0,ON,1062.0,10.0,509.0,111800
27988,Rear-Wheel Drive,Model 3,2019.0,ON,1085.0,10.0,386.0,41000
25998,Rear-Wheel Drive,Model S,2014.0,BC,1085.0,12.0,407.0,144885
38910,All-Wheel Drive,Model Y,2020.0,ON,1062.0,10.0,509.0,67474
27990,All-Wheel Drive,Model 3,2019.0,ON,1085.0,10.0,499.0,88966
48888,All-Wheel Drive,Model Y,2020.0,BC,1062.0,10.0,507.0,39721
41999,All-Wheel Drive,Model 3,2023.0,QC,1085.0,11.5,576.0,27064
45682,unknown,Model 3,2024.0,BC,1085.0,10.0,430.0,30158
36995,Rear-Wheel Drive,Model 3,2023.0,QC,1085.0,10.4,438.0,20928
31480,Rear-Wheel Drive,Model 3,2021.0,ON,1085.0,10.0,430.0,33600
35800,Rear-Wheel Drive,Model 3,2023.0,ON,1085.0,10.4,438.0,25800
47500,All-Wheel Drive,Model 3,2023.0,BC,1085.0,11.5,576.0,20169
39998,All-Wheel Drive,Model Y,2021.0,BC,1062.0,10.0,509.0,107447
25880,Rear-Wheel Drive,Model 3,2021.0,ON,1085.0,10.0,430.0,104866
39695,Rear-Wheel Drive,Model Y,2023.0,QC,1064.0,9.4,418.0,38002
46707,All-Wheel Drive,Model 3,2023.0,BC,1085.0,11.5,576.0,27175
34880,All-Wheel Drive,Model Y,2021.0,ON,1062.0,10.0,509.0,125500
31995,Rear-Wheel Drive,Model 3,2021.0,BC,1085.0,10.0,430.0,72441
35995,All-Wheel Drive,Model Y,2021.0,ON,1062.0,10.0,509.0,118150
23990,All-Wheel Drive,Model 3,2020.0,ON,1085.0,10.0,354.0,91600
72990,All-Wheel Drive,Model S,2022.0,ON,1077.0,15.0,652.0,53384
49498,All-Wheel Drive,Model Y,2022.0,ON,1062.0,10.0,488.0,52500
21880,All-Wheel Drive,Model 3,2020.0,ON,1085.0,10.0,354.0,136962
27995,Rear-Wheel Drive,Model 3,2020.0,QC,1085.0,10.0,402.0,74765
33800,Rear-Wheel Drive,Model 3,2022.0,QC,1085.0,10.0,430.0,24257
44995,All-Wheel Drive,Model X,2016.0,ON,1046.0,12.0,414.0,64950
31795,Rear-Wheel Drive,Model 3,2021.0,BC,1085.0,10.0,430.0,79181
23790,Rear-Wheel Drive,Model 3,2020.0,ON,1085.0,10.0,402.0,111056
69995,All-Wheel Drive,Model X,2020.0,ON,1046.0,12.0,528.0,71000
28489,Rear-Wheel Drive,Model 3,2022.0,QC,1085.0,10.0,430.0,109000
34885,Rear-Wheel Drive,Model 3,2023.0,ON,1085.0,10.4,438.0,37800
59999,All-Wheel Drive,Model S,2021.0,QC,1085.0,12.0,629.0,52402
36980,All-Wheel Drive,Model Y,2021.0,ON,1063.0,10.0,509.0,113800
45898,All-Wheel Drive,Model Y,2022.0,ON,1062.0,10.0,531.0,44573
24890,All-Wheel Drive,Model 3,2020.0,ON,1085.0,10.0,354.0,88690
38800,All-Wheel Drive,Model 3,2021.0,ON,1085.0,10.0,507.0,73000
48499,All-Wheel Drive,Model Y,2021.0,BC,1062.0,10.0,509.0,29213
24890,All-Wheel Drive,Model 3,2020.0,ON,1085.0,10.0,354.0,77860
30800,Rear-Wheel Drive,Model 3,2020.0,BC,1085.0,10.0,402.0,64000
54988,All-Wheel Drive,Model Y,2023.0,ON,1062.0,11.8,488.0,21270
61995,All-Wheel Drive,Model X,2018.0,BC,1046.0,12.0,475.0,58000
37888,All-Wheel Drive,Model 3,2022.0,ON,1085.0,10.0,538.0,55569
51999,All-Wheel Drive,Model Y,2023.0,QC,1062.0,11.8,488.0,43076
22488,All-Wheel Drive,Model 3,2020.0,ON,1085.0,10.0,518.0,175200
29897,Rear-Wheel Drive,Model 3,2020.0,QC,1085.0,10.0,402.0,33265
42995,All-Wheel Drive,Model 3,2023.0,ON,1085.0,11.5,576.0,32696
47888,All-Wheel Drive,Model X,2016.0,ON,1046.0,12.0,414.0,79000
55537,All-Wheel Drive,Model Y,2023.0,BC,1062.0,11.5,531.0,5803
45400,All-Wheel Drive,Model Y,2021.0,ON,1062.0,10.0,509.0,33756
30880,All-Wheel Drive,Model 3,2020.0,ON,1085.0,10.0,518.0,81366
28998,Rear-Wheel Drive,Model 3,2020.0,BC,1085.0,10.0,402.0,94140
21880,Rear-Wheel Drive,Model 3,2021.0,ON,1085.0,10.0,430.0,157866
25988,Rear-Wheel Drive,Model 3,2019.0,ON,1085.0,10.0,386.0,75000
31995,Rear-Wheel Drive,Model 3,2023.0,ON,1085.0,10.4,438.0,67000
41912,Rear-Wheel Drive,Model Y,2021.0,BC,1062.0,10.0,393.0,55536
27888,Rear-Wheel Drive,Model 3,2021.0,ON,1085.0,10.0,430.0,79000
39800,All-Wheel Drive,Model X,2016.0,BC,1046.0,12.0,383.0,122000
42990,All-Wheel Drive,Model Y,2022.0,AB,1062.0,10.0,531.0,67786
41499,All-Wheel Drive,Model 3,2022.0,QC,1085.0,10.0,538.0,20236
41880,All-Wheel Drive,Model 3,2021.0,ON,1085.0,10.0,507.0,45600
31800,All-Wheel Drive,Model 3,2019.0,ON,1085.0,10.0,499.0,58000
37910,All-Wheel Drive,Model X,2016.0,ON,1046.0,12.0,383.0,138376
37500,Rear-Wheel Drive,Model 3,2023.0,ON,1085.0,10.4,438.0,20964
33295,Rear-Wheel Drive,Model 3,2023.0,QC,1085.0,10.4,438.0,57931
41888,All-Wheel Drive,Model 3,2020.0,BC,1085.0,10.0,481.0,71938
29800,Rear-Wheel Drive,Model 3,2020.0,BC,1085.0,10.0,402.0,93250
27989,Rear-Wheel Drive,Model 3,2022.0,QC,1085.0,10.0,430.0,101638
33888,Rear-Wheel Drive,Model 3,2020.0,BC,1085.0,10.0,402.0,51177
20990,All-Wheel Drive,Model 3,2020.0,ON,1085.0,10.0,354.0,153486
47995,Rear-Wheel Drive,Model Y,2024.0,QC,1062.0,9.4,418.0,12046
34950,Rear-Wheel Drive,Model 3,2022.0,QC,1085.0,10.0,430.0,11929
44988,All-Wheel Drive,Model 3,2022.0,ON,1085.0,10.0,507.0,46422
31888,Rear-Wheel Drive,Model 3,2020.0,BC,1085.0,10.0,402.0,67000
37888,Rear-Wheel Drive,Model 3,2022.0,BC,1085.0,10.0,430.0,28350
22888,All-Wheel Drive,Model S,2015.0,ON,1085.0,12.0,407.0,153501
39999,All-Wheel Drive,Model Y,2020.0,ON,1062.0,10.0,507.0,89785
36990,Rear-Wheel Drive,Model 3,2022.0,BC,1085.0,10.0,430.0,37791
24890,All-Wheel Drive,Model 3,2020.0,ON,1085.0,10.0,354.0,79886
27900,Rear-Wheel Drive,Model 3,2020.0,ON,1085.0,10.0,402.0,76512
43889,All-Wheel Drive,Model Y,2022.0,ON,1062.0,10.0,531.0,66800
45886,All-Wheel Drive,Model Y,2022.0,ON,1062.0,10.0,488.0,84866
32995,All-Wheel Drive,Model Y,2020.0,QC,1062.0,10.0,509.0,137234
27990,All-Wheel Drive,Model 3,2020.0,ON,1085.0,10.0,518.0,116750
36980,All-Wheel Drive,Model Y,2021.0,ON,1062.0,10.0,509.0,110000
25995,All-Wheel Drive,Model 3,2018.0,QC,1085.0,10.0,499.0,98000
31495,Rear-Wheel Drive,Model 3,2022.0,QC,1085.0,10.0,430.0,61999
36999,All-Wheel Drive,Model 3,2023.0,ON,1085.0,11.5,576.0,105050
26995,Rear-Wheel Drive,Model 3,2020.0,QC,1085.0,10.0,402.0,98458
45000,All-Wheel Drive,Model Y,2020.0,BC,1062.0,10.0,507.0,74450
43879,All-Wheel Drive,Model Y,2022.0,ON,1062.0,10.0,531.0,63787
24890,All-Wheel Drive,Model 3,2020.0,ON,1085.0,10.0,354.0,80360
29933,Rear-Wheel Drive,Model 3,2021.0,BC,1085.0,10.0,430.0,100173
33995,Rear-Wheel Drive,Model 3,2020.0,BC,1085.0,10.0,402.0,41051
36800,Rear-Wheel Drive,Model Y,2021.0,BC,1062.0,10.0,393.0,93000
27997,Rear-Wheel Drive,Model 3,2019.0,BC,1085.0,10.0,386.0,110400
26480,All-Wheel Drive,Model 3,2020.0,ON,1085.0,10.0,354.0,65862
36500,Rear-Wheel Drive,Model 3,2022.0,BC,1085.0,10.0,430.0,45000
48499,All-Wheel Drive,Model Y,2022.0,QC,1062.0,10.0,488.0,51505
32995,Rear-Wheel Drive,Model 3,2022.0,QC,1085.0,10.0,430.0,43094
53500,All-Wheel Drive,Model Y,2022.0,BC,1062.0,10.0,531.0,48000
43507,All-Wheel Drive,Model 3,2023.0,QC,1085.0,11.5,576.0,24000
32490,All-Wheel Drive,Model 3,2020.0,ON,1085.0,10.0,518.0,65388
29888,All-Wheel Drive,Model 3,2019.0,ON,1085.0,10.0,499.0,78138
28996,Rear-Wheel Drive,Model 3,2018.0,BC,1085.0,12.0,499.0,108252
47999,All-Wheel Drive,Model Y,2021.0,BC,1062.0,10.0,509.0,35002
47999,All-Wheel Drive,Model Y,2023.0,ON,1062.0,11.5,531.0,57073
43993,All-Wheel Drive,Model 3,2020.0,BC,1085.0,10.0,481.0,37800
30409,Rear-Wheel Drive,Model 3,2018.0,BC,1085.0,12.0,354.0,72303
40910,All-Wheel Drive,Model Y,2021.0,ON,1062.0,10.0,509.0,74058
25888,Rear-Wheel Drive,Model 3,2019.0,ON,1085.0,10.0,386.0,80000
37771,All-Wheel Drive,Model Y,2021.0,QC,1062.0,10.0,509.0,101988
39995,All-Wheel Drive,Model Y,2021.0,ON,1062.0,10.0,509.0,87670
34990,Rear-Wheel Drive,Model 3,2023.0,ON,1085.0,10.4,438.0,40860
26800,All-Wheel Drive,Model 3,2020.0,ON,1085.0,10.0,354.0,61500
28489,Rear-Wheel Drive,Model 3,2022.0,QC,1085.0,10.0,430.0,98237
39880,All-Wheel Drive,Model Y,2021.0,ON,1062.0,10.0,509.0,85488
48995,All-Wheel Drive,Model Y,2023.0,BC,1062.0,11.5,531.0,71466
43495,Rear-Wheel Drive,Model Y,2023.0,QC,1064.0,9.4,418.0,13348
51995,All-Wheel Drive,Model Y,2022.0,ON,1062.0,10.0,488.0,39983
32995,Rear-Wheel Drive,Model 3,2020.0,BC,1085.0,10.0,402.0,58000
38093,All-Wheel Drive,Model 3,2020.0,ON,1085.0,10.0,481.0,69072
46977,All-Wheel Drive,Model 3,2022.0,QC,1085.0,10.0,507.0,23000
23988,Rear-Wheel Drive,Model 3,2019.0,ON,1085.0,10.0,386.0,110000
29900,Rear-Wheel Drive,Model 3,2018.0,BC,1085.0,12.0,499.0,104500
30995,unknown,Model 3,2019.0,BC,1085.0,10.0,430.0,58372
30887,Rear-Wheel Drive,Model 3,2022.0,QC,1085.0,10.0,430.0,70393
31800,Rear-Wheel Drive,Model 3,2020.0,BC,1085.0,10.0,402.0,73650
23888,Rear-Wheel Drive,Model 3,2020.0,ON,1085.0,10.0,402.0,124550
30995,Rear-Wheel Drive,Model 3,2020.0,QC,1085.0,10.0,402.0,45451
26999,Rear-Wheel Drive,Model 3,2020.0,QC,1085.0,10.0,402.0,99279
41999,All-Wheel Drive,Model X,2016.0,BC,1046.0,12.0,414.0,153000
37498,All-Wheel Drive,Model 3,2022.0,QC,1085.0,10.0,538.0,60090
56888,All-Wheel Drive,Model S,2020.0,ON,1085.0,12.0,629.0,48000
34995,Rear-Wheel Drive,Model 3,2022.0,BC,1085.0,10.0,430.0,70414
53948,All-Wheel Drive,Model Y,2023.0,ON,1062.0,11.5,531.0,18039
28995,Rear-Wheel Drive,Model 3,2020.0,QC,1085.0,10.0,402.0,77991
27995,Rear-Wheel Drive,Model 3,2018.0,ON,1085.0,12.0,499.0,109058
33590,Rear-Wheel Drive,Model 3,2023.0,ON,1085.0,10.4,438.0,60121
29995,Rear-Wheel Drive,Model 3,2020.0,ON,1085.0,10.0,402.0,43000
30742,Rear-Wheel Drive,Model 3,2019.0,BC,1085.0,10.0,386.0,52596
23997,Rear-Wheel Drive,Model 3,2020.0,QC,1085.0,10.0,402.0,110021
65995,All-Wheel Drive,Model X,2020.0,BC,1046.0,12.0,528.0,97275
36999,All-Wheel Drive,Model Y,2020.0,ON,1062.0,10.0,509.0,100461
23995,All-Wheel Drive,Model 3,2019.0,QC,1085.0,10.0,499.0,155970
31995,Rear-Wheel Drive,Model 3,2021.0,QC,1085.0,10.0,430.0,61978
27800,Rear-Wheel Drive,Model 3,2020.0,ON,1085.0,10.0,402.0,76290
41800,All-Wheel Drive,Model Y,2022.0,ON,1062.0,10.0,531.0,84388
56900,All-Wheel Drive,Model Y,2024.0,ON,1062.0,9.0,499.0,22800
34800,All-Wheel Drive,Model 3,2021.0,ON,1085.0,10.0,568.0,73668
27988,Rear-Wheel Drive,Model 3,2021.0,ON,1085.0,10.0,430.0,85000
30886,All-Wheel Drive,Model 3,2019.0,ON,1085.0,10.0,499.0,61000
27880,All-Wheel Drive,Model 3,2020.0,ON,1085.0,10.0,518.0,120800
34990,Rear-Wheel Drive,Model 3,2023.0,ON,1085.0,10.4,438.0,42700
25498,Rear-Wheel Drive,Model 3,2019.0,ON,1085.0,10.0,386.0,84173
26480,All-Wheel Drive,Model 3,2020.0,ON,1085.0,10.0,354.0,68500
37500,Rear-Wheel Drive,Model 3,2023.0,ON,1085.0,10.4,438.0,39390
19900,Rear-Wheel Drive,Model 3,2019.0,ON,1085.0,10.0,386.0,175400
25889,Rear-Wheel Drive,Model 3,2021.0,ON,1085.0,10.0,430.0,113688
22995,All-Wheel Drive,Model 3,2018.0,ON,1085.0,10.0,499.0,143866
48999,All-Wheel Drive,Model Y,2022.0,QC,1062.0,10.0,488.0,58175
32891,Rear-Wheel Drive,Model 3,2020.0,BC,1085.0,10.0,402.0,59326
31800,All-Wheel Drive,Model 3,2019.0,ON,1085.0,10.0,499.0,65000
25993,Rear-Wheel Drive,Model 3,2021.0,QC,1085.0,10.0,430.0,109498
32498,Rear-Wheel Drive,Model 3,2022.0,QC,1085.0,10.0,430.0,40746
32999,Rear-Wheel Drive,Model 3,2022.0,QC,1085.0,10.0,430.0,41470
63850,All-Wheel Drive,Model 3,2023.0,BC,1085.0,10.0,507.0,9045
48148,All-Wheel Drive,Model Y,2021.0,BC,1062.0,10.0,509.0,48600
27050,All-Wheel Drive,Model 3,2018.0,ON,1085.0,10.0,499.0,111975
65775,All-Wheel Drive,Model Y,2024.0,QC,1062.0,9.8,449.0,16051
32512,Rear-Wheel Drive,Model 3,2021.0,BC,1085.0,10.0,430.0,71862
37888,Rear-Wheel Drive,Model 3,2023.0,BC,1085.0,10.4,438.0,49518
34510,Rear-Wheel Drive,Model 3,2023.0,ON,1085.0,10.4,438.0,48102
52995,All-Wheel Drive,Model 3,2022.0,AB,1085.0,10.0,507.0,25926
41995,All-Wheel Drive,Model 3,2022.0,BC,1085.0,10.0,538.0,73000
51995,All-Wheel Drive,Model Y,2023.0,ON,1062.0,11.8,488.0,64472
34800,All-Wheel Drive,Model 3,2021.0,ON,1085.0,10.0,568.0,75866
44995,All-Wheel Drive,Model Y,2021.0,BC,1062.0,10.0,509.0,70080
48998,All-Wheel Drive,Model Y,2022.0,QC,1062.0,10.0,488.0,58799
28888,All-Wheel Drive,Model 3,2018.0,ON,1085.0,10.0,499.0,68029
30500,Rear-Wheel Drive,Model 3,2019.0,BC,1085.0,10.0,354.0,67490
41495,All-Wheel Drive,Model X,2017.0,BC,1046.0,12.0,383.0,88148
39999,All-Wheel Drive,Model 3,2022.0,QC,1085.0,10.0,538.0,41126
33996,Rear-Wheel Drive,Model 3,2020.0,BC,1085.0,10.0,402.0,45057
24880,All-Wheel Drive,Model 3,2020.0,ON,1085.0,10.0,354.0,84900
29985,Rear-Wheel Drive,Model 3,2020.0,QC,1085.0,10.0,402.0,41233
22880,All-Wheel Drive,Model 3,2019.0,ON,1085.0,10.0,499.0,164000
29450,All-Wheel Drive,Model 3,2018.0,ON,1085.0,10.0,499.0,71685
35995,Rear-Wheel Drive,Model 3,2022.0,ON,1085.0,10.0,430.0,16959
23990,All-Wheel Drive,Model 3,2020.0,ON,1085.0,10.0,354.0,99400
20989,All-Wheel Drive,Model 3,2018.0,ON,1085.0,10.0,499.0,203750
45995,All-Wheel Drive,Model Y,2021.0,BC,1062.0,10.0,509.0,68000
27888,Rear-Wheel Drive,Model 3,2018.0,BC,1085.0,12.0,499.0,148000
34888,Rear-Wheel Drive,Model 3,2021.0,BC,1085.0,10.0,430.0,47000
29888,All-Wheel Drive,Model 3,2019.0,QC,1085.0,10.0,499.0,66150
38495,All-Wheel Drive,Model S,2016.0,ON,1085.0,12.0,473.0,91500
23800,Rear-Wheel Drive,Model 3,2018.0,ON,1085.0,12.0,354.0,110406
29998,Rear-Wheel Drive,Model 3,2020.0,QC,1085.0,10.0,402.0,33997
25490,All-Wheel Drive,Model 3,2020.0,ON,1085.0,10.0,354.0,75400
30995,Rear-Wheel Drive,Model 3,2021.0,QC,1085.0,10.0,430.0,41197
48289,All-Wheel Drive,Model Y,2022.0,QC,1062.0,10.0,531.0,53000
64977,All-Wheel Drive,Model X,2021.0,QC,1046.0,12.0,565.0,98934
23800,All-Wheel Drive,Model 3,2020.0,ON,1085.0,10.0,354.0,102900
24995,Rear-Wheel Drive,Model 3,2020.0,ON,1085.0,10.0,402.0,115100
48950,All-Wheel Drive,Model Y,2021.0,BC,1062.0,10.0,509.0,43000
32995,All-Wheel Drive,Model 3,2022.0,ON,1085.0,10.0,538.0,109500
31880,All-Wheel Drive,Model S,2017.0,ON,1085.0,12.0,417.0,116776
25490,All-Wheel Drive,Model 3,2020.0,ON,1085.0,10.0,354.0,75688
32500,All-Wheel Drive,Model 3,2022.0,ON,1085.0,10.0,538.0,115899
33999,Rear-Wheel Drive,Model 3,2020.0,BC,1085.0,10.0,402.0,56660
33995,All-Wheel Drive,Model Y,2021.0,ON,1062.0,10.0,509.0,142600
18888,Rear-Wheel Drive,Model S,2014.0,ON,1085.0,12.0,407.0,244075
28800,Rear-Wheel Drive,Model 3,2020.0,ON,1085.0,10.0,402.0,68169
24995,All-Wheel Drive,Model 3,2020.0,ON,1085.0,10.0,354.0,95000
29995,All-Wheel Drive,Model S,2017.0,ON,1085.0,12.0,539.0,230653
24888,Rear-Wheel Drive,Model 3,2019.0,ON,1085.0,10.0,386.0,101000
41800,All-Wheel Drive,Model X,2016.0,BC,1046.0,12.0,383.0,81000
23500,Rear-Wheel Drive,Model 3,2019.0,BC,1085.0,10.0,386.0,145000
27992,Rear-Wheel Drive,Model 3,2022.0,ON,1085.0,10.0,430.0,101800
46995,All-Wheel Drive,Model Y,2022.0,ON,1062.0,10.0,488.0,72466
51995,All-Wheel Drive,Model X,2018.0,QC,1046.0,12.0,475.0,93759
39800,All-Wheel Drive,Model Y,2021.0,ON,1062.0,10.0,509.0,85000
58000,All-Wheel Drive,Model S,2017.0,BC,1085.0,12.0,507.0,78000
26995,All-Wheel Drive,Model Y,2020.0,QC,1062.0,10.0,507.0,74450
45995,All-Wheel Drive,Model Y,2023.0,ON,1062.0,11.5,531.0,57073
27888,Rear-Wheel Drive,Model 3,2019.0,BC,1085.0,10.0,386.0,97854
33999,Rear-Wheel Drive,Model 3,2021.0,BC,1085.0,10.0,430.0,63401
48495,All-Wheel Drive,Model Y,2023.0,QC,1062.0,11.8,488.0,86662
34800,Rear-Wheel Drive,Model 3,2022.0,ON,1085.0,10.0,430.0,34505
41499,All-Wheel Drive,Model 3,2021.0,QC,1085.0,10.0,507.0,47131
47954,Rear-Wheel Drive,Model Y,2021.0,BC,1062.0,10.0,393.0,20922
29995,Rear-Wheel Drive,Model 3,2020.0,ON,1085.0,10.0,402.0,47000
29880,Rear-Wheel Drive,Model 3,2021.0,ON,1085.0,10.0,430.0,66000
27999,Rear-Wheel Drive,Model 3,2020.0,BC,1085.0,10.0,402.0,114000
32490,All-Wheel Drive,Model 3,2020.0,ON,1085.0,10.0,518.0,70800
33900,Rear-Wheel Drive,Model 3,2021.0,BC,1085.0,10.0,430.0,65350
41989,All-Wheel Drive,Model Y,2020.0,BC,1062.0,10.0,509.0,90994
36900,All-Wheel Drive,Model 3,2022.0,ON,1085.0,10.0,538.0,75894
28800,Rear-Wheel Drive,Model 3,2020.0,BC,1085.0,10.0,402.0,99000
49995,All-Wheel Drive,Model Y,2022.0,ON,1062.0,10.0,488.0,57373
55527,All-Wheel Drive,Model Y,2023.0,BC,1062.0,11.5,531.0,20827
50857,All-Wheel Drive,Model Y,2021.0,BC,1062.0,10.0,507.0,62083
33989,Rear-Wheel Drive,Model 3,2022.0,QC,1085.0,10.0,430.0,32682
29986,Rear-Wheel Drive,Model 3,2020.0,BC,1085.0,10.0,402.0,95423
36684,Rear-Wheel Drive,Model 3,2022.0,BC,1085.0,10.0,430.0,55100
26388,Rear-Wheel Drive,Model 3,2019.0,ON,1085.0,10.0,386.0,77075
38888,All-Wheel Drive,Model 3,2022.0,ON,1085.0,10.0,538.0,57000
46999,All-Wheel Drive,Model Y,2022.0,QC,1062.0,10.0,488.0,70563
39995,All-Wheel Drive,Model Y,2020.0,ON,1062.0,10.0,509.0,69000
28500,Rear-Wheel Drive,Model 3,2021.0,ON,1085.0,10.0,430.0,78085
28698,Rear-Wheel Drive,Model 3,2020.0,QC,1085.0,10.0,402.0,55850
46898,All-Wheel Drive,Model Y,2021.0,ON,1062.0,10.0,507.0,71283
47995,All-Wheel Drive,Model X,2017.0,QC,1046.0,12.0,414.0,68920
38998,All-Wheel Drive,Model Y,2021.0,ON,1062.0,10.0,509.0,101368
28999,Rear-Wheel Drive,Model 3,2021.0,ON,1085.0,10.0,430.0,82645
56990,All-Wheel Drive,Model Y,2024.0,ON,1062.0,9.0,499.0,20827
34800,Rear-Wheel Drive,Model 3,2022.0,ON,1085.0,10.0,430.0,36966
32999,All-Wheel Drive,Model 3,2019.0,BC,1085.0,10.0,499.0,98637
38990,All-Wheel Drive,Model Y,2022.0,ON,1062.0,10.0,488.0,131800
29950,Rear-Wheel Drive,Model 3,2018.0,ON,1085.0,12.0,499.0,29274
36995,Rear-Wheel Drive,Model 3,2022.0,BC,1085.0,10.0,430.0,51000
26490,All-Wheel Drive,Model 3,2020.0,ON,1085.0,10.0,354.0,72700
37990,Rear-Wheel Drive,Model 3,2023.0,ON,1085.0,10.4,438.0,14319
48970,All-Wheel Drive,Model Y,2021.0,BC,1062.0,10.0,509.0,46432
29995,All-Wheel Drive,Model 3,2019.0,QC,1085.0,10.0,499.0,85345
30850,Rear-Wheel Drive,Model 3,2023.0,ON,1085.0,10.4,438.0,114500
49870,All-Wheel Drive,Model Y,2023.0,QC,1062.0,11.5,531.0,45189
54995,All-Wheel Drive,Model X,2018.0,SK,1046.0,12.0,381.0,75000
39886,All-Wheel Drive,Model Y,2020.0,ON,1062.0,10.0,507.0,101466
33480,All-Wheel Drive,Model 3,2020.0,ON,1085.0,10.0,518.0,60872
14999,Rear-Wheel Drive,Model S,2014.0,ON,1085.0,12.0,407.0,304048
41995,Rear-Wheel Drive,Model Y,2023.0,ON,1064.0,9.4,418.0,35204
64950,All-Wheel Drive,Model S,2020.0,BC,1085.0,12.0,629.0,34000
30950,Rear-Wheel Drive,Model 3,2019.0,BC,1085.0,10.0,386.0,61000
34390,Rear-Wheel Drive,Model 3,2022.0,NS,1085.0,10.0,430.0,59292
44999,All-Wheel Drive,Model Y,2020.0,BC,1062.0,10.0,509.0,47000
27995,Rear-Wheel Drive,Model 3,2019.0,BC,1085.0,10.0,386.0,103520
43888,All-Wheel Drive,Model Y,2021.0,ON,1062.0,10.0,507.0,114682
23995,All-Wheel Drive,Model S,2015.0,QC,1085.0,12.0,435.0,228000
27498,Rear-Wheel Drive,Model 3,2020.0,QC,1085.0,10.0,402.0,67866
39995,Rear-Wheel Drive,Model Y,2023.0,ON,1064.0,9.4,418.0,48409
28988,Rear-Wheel Drive,Model 3,2021.0,ON,1085.0,10.0,430.0,80000
35404,All-Wheel Drive,Model 3,2019.0,BC,1085.0,10.0,499.0,69580
43999,unknown,Model X,2016.0,BC,1046.0,12.0,475.0,107000
45490,All-Wheel Drive,Model Y,2022.0,ON,1062.0,10.0,488.0,86400
39888,All-Wheel Drive,Model 3,2022.0,QC,1085.0,10.0,538.0,47106
47999,All-Wheel Drive,Model Y,2022.0,QC,1062.0,10.0,531.0,35181
36888,All-Wheel Drive,Model 3,2022.0,ON,1085.0,10.0,538.0,73770
32000,Rear-Wheel Drive,Model 3,2021.0,MB,1085.0,10.0,430.0,90525
30888,Rear-Wheel Drive,Model 3,2021.0,ON,1085.0,10.0,430.0,50422
27988,Rear-Wheel Drive,Model 3,2021.0,ON,1085.0,10.0,430.0,93000
39810,All-Wheel Drive,Model 3,2020.0,BC,1085.0,10.0,518.0,24559
48999,All-Wheel Drive,Model Y,2022.0,QC,1062.0,10.0,488.0,57900
27800,All-Wheel Drive,Model 3,2020.0,ON,1085.0,10.0,518.0,125000
41150,All-Wheel Drive,Model Y,2020.0,ON,1062.0,10.0,509.0,61350
38989,All-Wheel Drive,Model Y,2020.0,QC,1062.0,10.0,507.0,101641
46995,All-Wheel Drive,Model Y,2023.0,ON,1062.0,11.5,531.0,57010
32775,Rear-Wheel Drive,Model 3,2022.0,QC,1085.0,10.0,430.0,53584
44888,unknown,Model Y,2023.0,AB,1062.0,10.0,509.0,9698
37500,Rear-Wheel Drive,Model 3,2022.0,BC,1085.0,10.0,430.0,45303
20995,Rear-Wheel Drive,Model 3,2019.0,ON,1085.0,10.0,386.0,189299
37900,Rear-Wheel Drive,Model Y,2023.0,ON,1064.0,9.4,418.0,74000
29990,Rear-Wheel Drive,Model 3,2021.0,ON,1085.0,10.0,430.0,60833
50995,All-Wheel Drive,Model Y,2022.0,ON,1062.0,10.0,531.0,32369
39991,All-Wheel Drive,Model 3,2022.0,ON,1085.0,10.0,538.0,51930
23990,All-Wheel Drive,Model 3,2018.0,ON,1085.0,10.0,499.0,131600
44888,unknown,Model Y,2023.0,AB,1062.0,10.0,509.0,10995
35980,All-Wheel Drive,Model 3,2022.0,QC,1085.0,10.0,538.0,84666
34800,All-Wheel Drive,Model 3,2019.0,BC,1085.0,10.0,499.0,77000
30588,Rear-Wheel Drive,Model 3,2022.0,QC,1085.0,10.0,430.0,84187
25980,All-Wheel Drive,Model 3,2019.0,ON,1085.0,10.0,499.0,131366
29998,Rear-Wheel Drive,Model 3,2021.0,ON,1085.0,10.0,430.0,64209
29998,All-Wheel Drive,Model 3,2023.0,ON,1085.0,11.5,576.0,38871
41994,All-Wheel Drive,Model 3,2021.0,BC,1085.0,10.0,507.0,72850
30889,Rear-Wheel Drive,Model 3,2022.0,QC,1085.0,10.0,430.0,81376
26999,All-Wheel Drive,Model S,2015.0,ON,1085.0,12.0,407.0,127450
40991,All-Wheel Drive,Model 3,2021.0,MB,1085.0,10.0,568.0,70711
22480,All-Wheel Drive,Model 3,2020.0,ON,1085.0,10.0,354.0,128790
44995,All-Wheel Drive,Model Y,2021.0,ON,1062.0,10.0,509.0,50501
29888,All-Wheel Drive,Model 3,2020.0,ON,1085.0,10.0,518.0,100224
42880,All-Wheel Drive,Model Y,2022.0,ON,1062.0,10.0,531.0,96760
34895,Rear-Wheel Drive,Model 3,2022.0,QC,1085.0,10.0,430.0,21754
23980,All-Wheel Drive,Model 3,2020.0,ON,1085.0,10.0,354.0,104700
22950,Rear-Wheel Drive,Model 3,2021.0,ON,1085.0,10.0,430.0,150786
45985,All-Wheel Drive,Model Y,2022.0,ON,1062.0,10.0,531.0,73323
47480,All-Wheel Drive,Model Y,2022.0,QC,1062.0,10.0,531.0,55419
27990,All-Wheel Drive,Model 3,2020.0,ON,1085.0,10.0,354.0,50980
24998,Rear-Wheel Drive,Model 3,2020.0,MB,1085.0,10.0,402.0,167214
48980,All-Wheel Drive,Model 3,2022.0,BC,1085.0,10.0,538.0,17188
27888,Rear-Wheel Drive,Model 3,2020.0,ON,1085.0,10.0,402.0,78462
37887,All-Wheel Drive,Model Y,2020.0,ON,1063.0,10.0,507.0,119700
33990,All-Wheel Drive,Model 3,2019.0,ON,1085.0,10.0,499.0,43060
39995,Rear-Wheel Drive,Model Y,2023.0,QC,1064.0,9.4,418.0,48687
42988,Rear-Wheel Drive,Model Y,2023.0,QC,1064.0,9.4,418.0,23325
29955,All-Wheel Drive,Model S,2016.0,QC,1085.0,12.0,435.0,280200
40500,All-Wheel Drive,Model 3,2022.0,ON,1085.0,10.0,538.0,51601
34988,Rear-Wheel Drive,Model 3,2022.0,QC,1085.0,10.0,430.0,41500
34880,Rear-Wheel Drive,Model 3,2023.0,ON,1085.0,10.4,438.0,52600
44888,unknown,Model Y,2023.0,AB,1062.0,10.0,509.0,15443
28900,All-Wheel Drive,Model S,2015.0,QC,1085.0,12.0,407.0,150000
34995,All-Wheel Drive,Model 3,2021.0,ON,1085.0,10.0,568.0,79350
28800,Rear-Wheel Drive,Model 3,2019.0,BC,1085.0,10.0,386.0,90000
46888,All-Wheel Drive,Model 3,2022.0,ON,1085.0,10.0,507.0,60400
25490,All-Wheel Drive,Model 3,2020.0,ON,1085.0,10.0,354.0,96733
33999,All-Wheel Drive,Model S,2017.0,ON,1085.0,12.0,417.0,135000
15490,Rear-Wheel Drive,Model S,2013.0,ON,1085.0,12.0,426.0,267000
34999,Rear-Wheel Drive,Model 3,2022.0,ON,1085.0,10.0,430.0,45500
55777,All-Wheel Drive,Model X,2016.0,ON,1045.0,12.0,414.0,71400
29955,All-Wheel Drive,Model S,2016.0,QC,1085.0,12.0,473.0,218800
55881,All-Wheel Drive,Model Y,2024.0,AB,1062.0,9.0,499.0,65350
22880,Rear-Wheel Drive,Model 3,2018.0,ON,1085.0,12.0,499.0,179677
44692,All-Wheel Drive,Model 3,2021.0,BC,1085.0,10.0,507.0,70501
19999,Rear-Wheel Drive,Model S,2013.0,ON,1085.0,12.0,407.0,289607
44995,Rear-Wheel Drive,Model Y,2023.0,BC,1064.0,9.4,418.0,55325
26998,All-Wheel Drive,Model 3,2018.0,QC,1085.0,10.0,499.0,113168
59995,All-Wheel Drive,Model Y,2022.0,BC,1062.0,10.0,488.0,19000
30800,Rear-Wheel Drive,Model 3,2019.0,BC,1085.0,10.0,386.0,74000
50990,All-Wheel Drive,Model Y,2023.0,ON,1062.0,11.5,531.0,38697
49750,All-Wheel Drive,Model X,2016.0,BC,1046.0,12.0,414.0,139485
28995,unknown,Model 3,2019.0,BC,1085.0,10.0,430.0,114384
36995,Rear-Wheel Drive,Model 3,2022.0,ON,1085.0,10.0,430.0,48820
49986,All-Wheel Drive,Model Y,2022.0,QC,1062.0,10.0,531.0,36697
35984,All-Wheel Drive,Model 3,2020.0,QC,1085.0,10.0,518.0,42133
28980,Rear-Wheel Drive,Model 3,2020.0,ON,1085.0,10.0,402.0,82064
44988,All-Wheel Drive,Model 3,2022.0,ON,1085.0,10.0,538.0,34680
29498,All-Wheel Drive,Model 3,2018.0,QC,1085.0,10.0,499.0,65938
26990,Rear-Wheel Drive,Model 3,2019.0,ON,1085.0,10.0,354.0,85760
39999,All-Wheel Drive,Model 3,2022.0,QC,1085.0,10.0,538.0,63303
47988,All-Wheel Drive,Model 3,2022.0,ON,1085.0,10.0,507.0,53743
57897,All-Wheel Drive,Model Y,2022.0,BC,1062.0,10.0,531.0,21354
24590,Rear-Wheel Drive,Model 3,2020.0,ON,1085.0,10.0,402.0,129886
34995,All-Wheel Drive,Model 3,2020.0,ON,1085.0,10.0,518.0,57625
48989,All-Wheel Drive,Model 3,2023.0,BC,1085.0,11.5,576.0,22906
49994,All-Wheel Drive,Model 3,2023.0,BC,1085.0,11.5,576.0,10500
25900,unknown,Model 3,2019.0,ON,1085.0,10.0,430.0,100090
40888,All-Wheel Drive,Model Y,2020.0,ON,1062.0,10.0,509.0,66935
28490,Rear-Wheel Drive,Model 3,2019.0,ON,1085.0,10.0,386.0,64570
42955,All-Wheel Drive,Model X,2018.0,QC,1046.0,12.0,381.0,162800
46988,All-Wheel Drive,Model S,2018.0,ON,1085.0,12.0,417.0,34485
24299,Rear-Wheel Drive,Model 3,2019.0,ON,1085.0,10.0,354.0,117900
64900,All-Wheel Drive,Model X,2017.0,BC,1045.0,12.0,475.0,97000
26998,Rear-Wheel Drive,Model 3,2021.0,QC,1085.0,10.0,430.0,111977
27500,All-Wheel Drive,Model 3,2020.0,ON,1085.0,10.0,518.0,148000
27888,Rear-Wheel Drive,Model 3,2019.0,ON,1085.0,10.0,386.0,77333
29985,Rear-Wheel Drive,Model 3,2020.0,ON,1085.0,10.0,402.0,81508
29950,Rear-Wheel Drive,Model 3,2021.0,QC,1085.0,10.0,430.0,80000
38980,Rear-Wheel Drive,Model Y,2021.0,QC,1062.0,10.0,393.0,77586
27995,Rear-Wheel Drive,Model 3,2020.0,ON,1085.0,10.0,402.0,99000
44499,All-Wheel Drive,Model Y,2022.0,QC,1062.0,10.0,531.0,77780
35800,All-Wheel Drive,Model 3,2019.0,BC,1085.0,10.0,499.0,87000
51490,All-Wheel Drive,Model Y,2023.0,ON,1062.0,11.5,531.0,37053
33888,All-Wheel Drive,Model 3,2021.0,ON,1085.0,10.0,568.0,93097
45790,All-Wheel Drive,Model Y,2020.0,ON,1062.0,10.0,507.0,65904
43995,Rear-Wheel Drive,Model Y,2023.0,ON,1064.0,9.4,418.0,34177
30597,Rear-Wheel Drive,Model 3,2019.0,BC,1085.0,10.0,430.0,99166
45995,All-Wheel Drive,Model X,2017.0,ON,1046.0,12.0,383.0,72366
54000,unknown,Model Y,2024.0,ON,1062.0,10.0,509.0,12235
25990,All-Wheel Drive,Model 3,2018.0,ON,1085.0,10.0,499.0,111688
58499,All-Wheel Drive,Model Y,2023.0,BC,1062.0,11.8,488.0,34850
48999,All-Wheel Drive,Model 3,2022.0,ON,1085.0,10.0,538.0,565
45999,All-Wheel Drive,Model Y,2022.0,QC,1062.0,10.0,488.0,88962
51995,All-Wheel Drive,Model Y,2020.0,BC,1062.0,10.0,507.0,44586
32881,Rear-Wheel Drive,Model 3,2020.0,BC,1085.0,10.0,402.0,82000
46999,All-Wheel Drive,Model 3,2023.0,QC,1085.0,10.0,507.0,43681
32800,Rear-Wheel Drive,Model 3,2021.0,ON,1085.0,10.0,430.0,81000
69910,All-Wheel Drive,Model X,2019.0,ON,1046.0,12.0,475.0,59088
38475,Rear-Wheel Drive,Model 3,2022.0,BC,1085.0,10.0,430.0,54252
65900,All-Wheel Drive,Model Y,2024.0,BC,1062.0,9.0,499.0,4500
39800,Rear-Wheel Drive,Model 3,2021.0,BC,1085.0,10.0,430.0,11621
27888,Rear-Wheel Drive,Model 3,2019.0,ON,1085.0,10.0,386.0,79812
55800,All-Wheel Drive,Model Y,2022.0,BC,1062.0,10.0,488.0,55914
44928,All-Wheel Drive,Model 3,2023.0,QC,1085.0,11.5,576.0,30817
48995,All-Wheel Drive,Model Y,2022.0,ON,1062.0,10.0,488.0,82205
45888,All-Wheel Drive,Model Y,2022.0,ON,1062.0,10.0,531.0,74850
40999,All-Wheel Drive,Model 3,2020.0,ON,1085.0,10.0,481.0,68879
52999,All-Wheel Drive,Model Y,2022.0,BC,1062.0,10.0,531.0,42608
29990,unknown,Model 3,2019.0,QC,1085.0,10.0,430.0,69500
28349,Rear-Wheel Drive,Model 3,2020.0,ON,1085.0,10.0,402.0,107294
39888,All-Wheel Drive,Model 3,2022.0,QC,1085.0,10.0,538.0,68450
29998,All-Wheel Drive,Model 3,2018.0,ON,1085.0,10.0,499.0,99899
41888,All-Wheel Drive,Model Y,2020.0,ON,1062.0,10.0,509.0,76960
45985,All-Wheel Drive,Model 3,2022.0,AB,1085.0,10.0,538.0,49827
36500,Rear-Wheel Drive,Model 3,2022.0,ON,1085.0,10.0,430.0,61000
37990,Rear-Wheel Drive,Model 3,2021.0,BC,1085.0,10.0,430.0,40710
28888,Rear-Wheel Drive,Model 3,2021.0,ON,1085.0,10.0,430.0,99500
43985,All-Wheel Drive,Model Y,2020.0,ON,1062.0,10.0,509.0,56886
34590,All-Wheel Drive,Model 3,2020.0,ON,1085.0,10.0,518.0,64709
32888,All-Wheel Drive,Model 3,2019.0,BC,1085.0,10.0,499.0,122000
32980,All-Wheel Drive,Model 3,2020.0,QC,1085.0,10.0,518.0,84505
29800,unknown,Model 3,2020.0,ON,1085.0,10.0,430.0,98000
27998,Rear-Wheel Drive,Model 3,2021.0,QC,1085.0,10.0,430.0,104233
47995,All-Wheel Drive,Model Y,2021.0,QC,1062.0,10.0,509.0,49464
43999,Rear-Wheel Drive,Model Y,2023.0,QC,1064.0,9.4,418.0,30514
44990,All-Wheel Drive,Model Y,2022.0,ON,1062.0,10.0,531.0,81007
31900,Rear-Wheel Drive,Model 3,2020.0,BC,1085.0,10.0,402.0,97054
36980,Rear-Wheel Drive,Model 3,2020.0,BC,1085.0,10.0,402.0,36788
36995,Rear-Wheel Drive,Model Y,2021.0,QC,1062.0,10.0,393.0,85381
32998,All-Wheel Drive,Model 3,2020.0,QC,1085.0,10.0,518.0,76145
30490,All-Wheel Drive,Model 3,2022.0,ON,1085.0,10.0,538.0,152000
37750,All-Wheel Drive,Model 3,2019.0,BC,1085.0,10.0,499.0,62700
44390,Rear-Wheel Drive,Model Y,2023.0,ON,1064.0,9.4,418.0,21400
52690,All-Wheel Drive,Model Y,2022.0,ON,1062.0,10.0,531.0,24240
29800,Rear-Wheel Drive,Model 3,2020.0,BC,1085.0,10.0,402.0,124000
34699,Rear-Wheel Drive,Model 3,2020.0,MB,1085.0,10.0,402.0,74311
28995,Rear-Wheel Drive,Model 3,2018.0,AB,1085.0,12.0,499.0,157446
24990,Rear-Wheel Drive,Model S,2014.0,ON,1085.0,12.0,407.0,152100
45888,All-Wheel Drive,Model Y,2022.0,ON,1062.0,10.0,531.0,76372
35900,Rear-Wheel Drive,Model 3,2021.0,ON,1085.0,10.0,430.0,45000
33888,Rear-Wheel Drive,Model 3,2020.0,BC,1085.0,10.0,402.0,67375
26800,unknown,Model 3,2020.0,ON,1085.0,10.0,430.0,135000
32490,All-Wheel Drive,Model 3,2020.0,QC,1085.0,10.0,518.0,83965
39995,All-Wheel Drive,Model X,2017.0,ON,1046.0,12.0,383.0,124000
34800,All-Wheel Drive,Model 3,2018.0,BC,1085.0,10.0,499.0,52000
34449,All-Wheel Drive,Model 3,2020.0,ON,1085.0,10.0,518.0,69350
32888,Rear-Wheel Drive,Model 3,2020.0,BC,1085.0,10.0,402.0,86000
38500,Rear-Wheel Drive,Model 3,2018.0,BC,1085.0,12.0,499.0,51804
36499,All-Wheel Drive,Model 3,2022.0,QC,1085.0,10.0,538.0,98763
31888,Rear-Wheel Drive,Model 3,2019.0,BC,1085.0,10.0,499.0,105249
50950,All-Wheel Drive,Model X,2016.0,BC,1046.0,12.0,383.0,91000
33995,Rear-Wheel Drive,Model Y,2021.0,ON,1062.0,10.0,393.0,128793
29900,All-Wheel Drive,Model 3,2018.0,ON,1085.0,10.0,499.0,95348
52490,All-Wheel Drive,Model Y,2022.0,ON,1062.0,10.0,531.0,27749
32995,Rear-Wheel Drive,Model 3,2019.0,BC,1085.0,10.0,386.0,56471
49990,All-Wheel Drive,Model Y,2022.0,ON,1062.0,10.0,531.0,46578
31995,Rear-Wheel Drive,Model 3,2020.0,NS,1085.0,10.0,402.0,84000
42888,All-Wheel Drive,Model Y,2022.0,ON,1062.0,10.0,531.0,101047
57900,All-Wheel Drive,Model Y,2022.0,BC,1062.0,10.0,531.0,18500
49280,All-Wheel Drive,Model Y,2021.0,BC,1062.0,10.0,509.0,72000
36950,All-Wheel Drive,Model 3,2020.0,BC,1085.0,10.0,518.0,86500
59950,All-Wheel Drive,Model 3,2022.0,BC,1085.0,10.0,538.0,300
36999,All-Wheel Drive,Model S,2016.0,ON,1085.0,12.0,435.0,77000
39800,Rear-Wheel Drive,Model S,2014.0,BC,1085.0,12.0,407.0,76000
21999,All-Wheel Drive,Model S,2015.0,ON,1085.0,12.0,386.0,147000
17995,All-Wheel Drive,Model S,2015.0,QC,1085.0,12.0,386.0,216088
23888,All-Wheel Drive,Model S,2015.0,BC,1085.0,12.0,386.0,159310
24999,Rear-Wheel Drive,Model S,2014.0,BC,1085.0,12.0,407.0,120519
39999,All-Wheel Drive,Model Y,2021.0,AB,1062.0,10.0,509.0,78645
23900,Rear-Wheel Drive,Model 3,2018.0,ON,1085.0,12.0,499.0,137000
25900,All-Wheel Drive,Model S,2015.0,BC,1085.0,12.0,386.0,128120
35999,Rear-Wheel Drive,Model 3,2023.0,AB,1085.0,10.4,438.0,4918
63995,All-Wheel Drive,Model S,2019.0,ON,1085.0,12.0,507.0,69009
26985,unknown,Model S,2016.0,BC,1085.0,12.0,435.0,201531
25895,Rear-Wheel Drive,Model 3,2021.0,BC,1085.0,10.0,430.0,87000
42888,All-Wheel Drive,Model S,2015.0,ON,1085.0,12.0,386.0,142105
34995,Rear-Wheel Drive,Model 3,2022.0,ON,1085.0,10.0,430.0,55000
22990,Rear-Wheel Drive,Model 3,2020.0,BC,1085.0,10.0,402.0,117000
19999,All-Wheel Drive,Model S,2015.0,ON,1085.0,12.0,386.0,173028
33995,Rear-Wheel Drive,Model 3,2023.0,ON,1085.0,10.4,438.0,123000
29995,Rear-Wheel Drive,Model 3,2022.0,ON,1085.0,10.0,430.0,131000
24999,Rear-Wheel Drive,Model 3,2019.0,AB,1085.0,10.0,354.0,83834
28999,All-Wheel Drive,Model 3,2019.0,AB,1085.0,10.0,499.0,56813
69995,All-Wheel Drive,Model S,2016.0,ON,1085.0,12.0,473.0,59990
71995,All-Wheel Drive,Model Y,2022.0,ON,1062.0,10.0,531.0,8180
38999,Rear-Wheel Drive,Model 3,2019.0,ON,1085.0,10.0,386.0,88219
38950,All-Wheel Drive,Model 3,2018.0,BC,1085.0,10.0,499.0,53100
59991,All-Wheel Drive,Model 3,2022.0,ON,1085.0,10.0,538.0,35000
27888,Rear-Wheel Drive,Model S,2013.0,BC,1085.0,10.0,335.0,133200
42888,Rear-Wheel Drive,Model 3,2019.0,BC,1085.0,10.0,386.0,91900
45888,All-Wheel Drive,Model 3,2020.0,AB,1085.0,10.0,354.0,60120
44888,All-Wheel Drive,Model 3,2020.0,BC,1085.0,10.0,518.0,116725
52010,Rear-Wheel Drive,Model Y,2023.0,ON,1064.0,9.4,418.0,32017
53200,All-Wheel Drive,Model X,2017.0,BC,1046.0,12.0,465.0,94117
43850,All-Wheel Drive,Model 3,2020.0,BC,1085.0,10.0,518.0,105234
27995,All-Wheel Drive,Model 3,2020.0,ON,1085.0,10.0,354.0,137000
69888,Rear-Wheel Drive,Model 3,2021.0,BC,1085.0,10.0,430.0,15820
59888,unknown,Model Y,2023.0,AB,1062.0,10.0,509.0,37786
35895,Rear-Wheel Drive,Model 3,2021.0,ON,1085.0,10.0,430.0,17687
41200,Rear-Wheel Drive,Model 3,2022.0,BC,1085.0,10.0,430.0,34782
40800,Rear-Wheel Drive,Model 3,2022.0,BC,1085.0,10.0,430.0,38772
44900,Rear-Wheel Drive,Model 3,2023.0,BC,1085.0,10.4,438.0,26855
24994,All-Wheel Drive,Model 3,2018.0,ON,1085.0,10.0,499.0,129000
48995,All-Wheel Drive,Model Y,2021.0,ON,1062.0,10.0,509.0,45235
53995,All-Wheel Drive,Model Y,2021.0,BC,1062.0,10.0,507.0,66635
52800,All-Wheel Drive,Model Y,2023.0,BC,1062.0,11.5,531.0,58500
32995,Rear-Wheel Drive,Model 3,2021.0,ON,1085.0,10.0,430.0,67025
49888,All-Wheel Drive,Model Y,2022.0,BC,1062.0,10.0,531.0,85707
47984,All-Wheel Drive,Model Y,2022.0,QC,1062.0,10.0,531.0,60571
39888,All-Wheel Drive,Model Y,2020.0,ON,1062.0,10.0,509.0,109289
44980,Rear-Wheel Drive,Model 3,2023.0,BC,1085.0,10.4,438.0,4246
51495,All-Wheel Drive,Model Y,2022.0,QC,1062.0,10.0,488.0,55240
49888,All-Wheel Drive,Model 3,2022.0,AB,1085.0,10.0,538.0,41000
55850,All-Wheel Drive,Model 3,2022.0,BC,1085.0,10.0,507.0,38158
36995,Rear-Wheel Drive,Model 3,2021.0,BC,1085.0,10.0,430.0,67955
41995,Rear-Wheel Drive,Model 3,2023.0,BC,1085.0,10.4,438.0,33827
43900,All-Wheel Drive,Model X,2017.0,BC,1046.0,12.0,414.0,269325
69900,All-Wheel Drive,Model S,2021.0,ON,1085.0,15.0,652.0,31388
31990,All-Wheel Drive,Model 3,2021.0,ON,1085.0,10.0,568.0,118280
32995,Rear-Wheel Drive,Model 3,2020.0,ON,1085.0,10.0,402.0,51000
63995,All-Wheel Drive,Model X,2019.0,BC,1046.0,12.0,475.0,95934
34999,All-Wheel Drive,Model 3,2020.0,ON,1085.0,10.0,518.0,90000
41495,Rear-Wheel Drive,Model 3,2022.0,BC,1085.0,10.0,430.0,27620
57995,All-Wheel Drive,Model Y,2022.0,ON,1062.0,10.0,488.0,35223
34388,Rear-Wheel Drive,Model 3,2021.0,ON,1085.0,10.0,430.0,45500
35888,Rear-Wheel Drive,Model 3,2021.0,BC,1085.0,10.0,430.0,78498
29995,Rear-Wheel Drive,Model 3,2019.0,ON,1085.0,10.0,386.0,70000
22995,Rear-Wheel Drive,Model 3,2019.0,ON,1085.0,10.0,354.0,152000
55999,All-Wheel Drive,Model Y,2022.0,QC,1062.0,10.0,488.0,25000
35888,All-Wheel Drive,Model 3,2020.0,BC,1085.0,10.0,518.0,94244
34999,Rear-Wheel Drive,Model S,2012.0,BC,1085.0,12.0,407.0,20432
36995,Rear-Wheel Drive,Model 3,2022.0,BC,1085.0,10.0,430.0,94250
25300,Rear-Wheel Drive,Model 3,2021.0,ON,1085.0,10.0,430.0,187000
48995,All-Wheel Drive,Model 3,2022.0,QC,1085.0,10.0,507.0,49646
36995,Rear-Wheel Drive,Model 3,2022.0,QC,1085.0,10.0,430.0,39727
59995,All-Wheel Drive,Model X,2018.0,ON,1046.0,12.0,475.0,114784
58619,All-Wheel Drive,Model Y,2023.0,ON,1062.0,11.8,488.0,18018
37890,Rear-Wheel Drive,Model 3,2023.0,QC,1085.0,10.4,438.0,58887
49995,All-Wheel Drive,Model S,2018.0,QC,1085.0,12.0,539.0,139771
58900,All-Wheel Drive,Model S,2017.0,BC,1085.0,12.0,507.0,89600
44881,All-Wheel Drive,Model Y,2020.0,BC,1062.0,10.0,509.0,86000
54888,unknown,Model Y,2023.0,ON,1062.0,10.0,509.0,34000
77998,All-Wheel Drive,Model X,2020.0,BC,1046.0,12.0,528.0,36542
31995,Rear-Wheel Drive,Model 3,2020.0,ON,1085.0,10.0,402.0,67025
42995,All-Wheel Drive,Model Y,2020.0,QC,1062.0,10.0,509.0,88000
29880,All-Wheel Drive,Model 3,2019.0,ON,1085.0,10.0,499.0,126236
26495,All-Wheel Drive,Model 3,2018.0,ON,1085.0,10.0,499.0,169244
36799,Rear-Wheel Drive,Model Y,2021.0,ON,1062.0,10.0,393.0,112000
38388,All-Wheel Drive,Model 3,2020.0,ON,1085.0,10.0,481.0,98000
24888,Rear-Wheel Drive,Model S,2014.0,BC,1085.0,12.0,407.0,189101
35978,Rear-Wheel Drive,Model 3,2022.0,QC,1085.0,10.0,430.0,57123
51396,All-Wheel Drive,Model Y,2021.0,AB,1062.0,10.0,507.0,95628
69999,All-Wheel Drive,Model X,2019.0,ON,1046.0,12.0,475.0,98000
47995,Rear-Wheel Drive,Model Y,2023.0,BC,1064.0,9.4,418.0,32450
34999,Rear-Wheel Drive,Model 3,2021.0,NS,1085.0,10.0,430.0,95000
47990,All-Wheel Drive,Model Y,2022.0,ON,1062.0,10.0,531.0,76034
71800,All-Wheel Drive,Model X,2020.0,BC,1045.0,12.0,565.0,65000
39918,Rear-Wheel Drive,Model 3,2022.0,AB,1085.0,10.0,430.0,35314
31995,Rear-Wheel Drive,Model 3,2020.0,NS,1085.0,10.0,402.0,92000
23990,Rear-Wheel Drive,Model 3,2019.0,ON,1085.0,10.0,354.0,136000
48973,All-Wheel Drive,Model Y,2022.0,AB,1062.0,10.0,531.0,53312
29888,Rear-Wheel Drive,Model 3,2020.0,ON,1085.0,10.0,402.0,85895
19999,Rear-Wheel Drive,Model 3,2019.0,ON,1085.0,10.0,499.0,220586
32800,unknown,Model 3,2020.0,ON,1085.0,10.0,430.0,74000
59500,All-Wheel Drive,Model S,2016.0,BC,1085.0,12.0,473.0,36900
26800,unknown,Model 3,2020.0,ON,1085.0,10.0,430.0,146000
34988,All-Wheel Drive,Model 3,2019.0,AB,1085.0,10.0,499.0,106079
33995,Rear-Wheel Drive,Model 3,2019.0,BC,1085.0,10.0,386.0,62452
29900,All-Wheel Drive,Model 3,2020.0,BC,1085.0,10.0,354.0,90484
39888,Rear-Wheel Drive,Model 3,2023.0,ON,1085.0,10.4,438.0,27000
37888,Rear-Wheel Drive,Model 3,2020.0,BC,1085.0,10.0,402.0,35692
44988,All-Wheel Drive,Model 3,2022.0,QC,1085.0,10.0,538.0,51000
23800,Rear-Wheel Drive,Model 3,2019.0,ON,1085.0,10.0,386.0,187000
30888,All-Wheel Drive,Model 3,2018.0,ON,1085.0,10.0,499.0,64000
32995,Rear-Wheel Drive,Model 3,2021.0,ON,1085.0,10.0,430.0,70639
40888,All-Wheel Drive,Model 3,2022.0,ON,1085.0,10.0,538.0,79900
40888,All-Wheel Drive,Model 3,2022.0,ON,1085.0,10.0,538.0,80079
55000,All-Wheel Drive,Model X,2018.0,BC,1046.0,12.0,475.0,157078
40990,Rear-Wheel Drive,Model Y,2023.0,ON,1064.0,9.4,418.0,66019
30995,Rear-Wheel Drive,Model 3,2021.0,QC,1085.0,10.0,430.0,94487
49700,Rear-Wheel Drive,Model Y,2023.0,BC,1064.0,9.4,418.0,12401
29995,All-Wheel Drive,Model S,2015.0,ON,1085.0,12.0,435.0,136000
59950,All-Wheel Drive,Model Y,2022.0,BC,1062.0,10.0,531.0,28000
27995,Rear-Wheel Drive,Model 3,2020.0,ON,1085.0,10.0,402.0,131000
43900,Rear-Wheel Drive,Model 3,2022.0,BC,1085.0,10.0,430.0,5000
49988,All-Wheel Drive,Model Y,2022.0,ON,1062.0,10.0,531.0,76341
76800,All-Wheel Drive,Model X,2021.0,ON,1046.0,12.0,565.0,66000
34995,All-Wheel Drive,Model 3,2020.0,QC,1085.0,10.0,518.0,74920
29500,Rear-Wheel Drive,Model 3,2020.0,MB,1085.0,10.0,402.0,162654
30998,All-Wheel Drive,Model 3,2018.0,QC,1085.0,10.0,499.0,38548
36888,Rear-Wheel Drive,Model 3,2021.0,BC,1085.0,10.0,430.0,69128
33995,All-Wheel Drive,Model 3,2018.0,ON,1085.0,10.0,499.0,76650
35990,Rear-Wheel Drive,Model 3,2023.0,ON,1085.0,10.4,438.0,73511
33999,All-Wheel Drive,Model 3,2020.0,ON,1085.0,10.0,518.0,74700
51888,All-Wheel Drive,Model Y,2023.0,ON,1062.0,11.5,531.0,49408
35995,Rear-Wheel Drive,Model 3,2021.0,ON,1085.0,10.0,430.0,49000
50495,All-Wheel Drive,Model 3,2022.0,ON,1085.0,10.0,538.0,23914
39900,All-Wheel Drive,Model 3,2021.0,ON,1085.0,10.0,507.0,88000
46495,Rear-Wheel Drive,Model Y,2023.0,QC,1064.0,9.4,418.0,22575
46906,Rear-Wheel Drive,Model 3,2023.0,BC,1085.0,10.4,438.0,7114
59999,unknown,Model X,2018.0,BC,1046.0,12.0,475.0,110058
48450,All-Wheel Drive,Model 3,2023.0,QC,1085.0,11.5,576.0,16000
30900,Rear-Wheel Drive,Model 3,2020.0,BC,1085.0,10.0,402.0,136309
54980,All-Wheel Drive,Model S,2017.0,BC,1085.0,12.0,539.0,67900
36995,Rear-Wheel Drive,Model 3,2021.0,ON,1085.0,10.0,430.0,25842
35988,Rear-Wheel Drive,Model Y,2021.0,ON,1062.0,10.0,393.0,139998
39900,All-Wheel Drive,Model 3,2020.0,BC,1085.0,10.0,518.0,76872
32998,Rear-Wheel Drive,Model 3,2021.0,ON,1085.0,10.0,430.0,108000
36990,Rear-Wheel Drive,Model 3,2020.0,SK,1085.0,10.0,402.0,65345
39995,Rear-Wheel Drive,Model 3,2023.0,NS,1085.0,10.4,438.0,55000
43995,All-Wheel Drive,Model Y,2020.0,QC,1062.0,10.0,509.0,60229
39800,Rear-Wheel Drive,Model 3,2023.0,ON,1085.0,10.4,438.0,58000
46900,All-Wheel Drive,Model 3,2021.0,BC,1085.0,10.0,507.0,83226
54800,All-Wheel Drive,Model Y,2022.0,BC,1062.0,10.0,488.0,61000
39995,Rear-Wheel Drive,Model 3,2022.0,ON,1085.0,10.0,430.0,12672
42888,All-Wheel Drive,Model Y,2020.0,ON,1062.0,10.0,509.0,97300
32888,Rear-Wheel Drive,Model 3,2020.0,ON,1085.0,10.0,402.0,59995
34888,Rear-Wheel Drive,Model 3,2020.0,ON,1085.0,10.0,402.0,36270
32888,Rear-Wheel Drive,Model 3,2021.0,BC,1085.0,10.0,430.0,125861
34888,Rear-Wheel Drive,Model 3,2021.0,ON,1085.0,10.0,430.0,51000
65910,All-Wheel Drive,Model S,2021.0,ON,1085.0,12.0,629.0,48427
33888,All-Wheel Drive,Model 3,2020.0,ON,1085.0,10.0,518.0,97252
29888,Rear-Wheel Drive,Model 3,2020.0,ON,1085.0,10.0,402.0,98206
41850,Rear-Wheel Drive,Model 3,2022.0,BC,1085.0,10.0,430.0,44136
28995,All-Wheel Drive,Model 3,2019.0,ON,1085.0,10.0,499.0,145323
45888,All-Wheel Drive,Model Y,2022.0,ON,1062.0,10.0,488.0,111700
62995,All-Wheel Drive,Model S,2019.0,ON,1085.0,12.0,507.0,93500
57950,All-Wheel Drive,Model S,2018.0,BC,1085.0,12.0,507.0,85100
79888,All-Wheel Drive,Model X,2021.0,BC,1046.0,12.0,565.0,56812
44888,All-Wheel Drive,Model Y,2022.0,ON,1062.0,10.0,531.0,106100
65888,All-Wheel Drive,Model Y,2024.0,ON,1062.0,9.0,499.0,2000
54888,Rear-Wheel Drive,Model Y,2021.0,BC,1062.0,10.0,393.0,34499
46990,All-Wheel Drive,Model Y,2020.0,BC,1062.0,10.0,509.0,95642
44588,All-Wheel Drive,Model Y,2022.0,ON,1062.0,10.0,531.0,110500
42888,All-Wheel Drive,Model 3,2019.0,BC,1085.0,10.0,499.0,38419
48880,All-Wheel Drive,Model Y,2021.0,BC,1062.0,10.0,509.0,98200
44995,Rear-Wheel Drive,Model 3,2022.0,AB,1085.0,10.0,430.0,17101
38888,Rear-Wheel Drive,Model 3,2021.0,BC,1085.0,10.0,430.0,57241
36888,Rear-Wheel Drive,Model 3,2020.0,BC,1085.0,10.0,402.0,61150
34888,Rear-Wheel Drive,Model 3,2022.0,ON,1085.0,10.0,430.0,91500
77895,All-Wheel Drive,Model S,2022.0,QC,1077.0,15.0,652.0,56225
24995,All-Wheel Drive,Model 3,2019.0,QC,1085.0,10.0,499.0,198058
52995,All-Wheel Drive,Model Y,2022.0,QC,1062.0,10.0,488.0,69000
33955,All-Wheel Drive,Model S,2015.0,QC,1085.0,12.0,407.0,151000
40496,All-Wheel Drive,Model 3,2020.0,BC,1085.0,10.0,518.0,64868
41991,All-Wheel Drive,Model 3,2020.0,MB,1085.0,10.0,518.0,55898
40800,All-Wheel Drive,Model 3,2019.0,BC,1085.0,10.0,499.0,51000
46985,All-Wheel Drive,Model Y,2021.0,AB,1062.0,10.0,509.0,73328
33988,All-Wheel Drive,Model 3,2018.0,AB,1085.0,10.0,499.0,112912
42888,All-Wheel Drive,Model 3,2022.0,ON,1085.0,10.0,538.0,78000
51888,All-Wheel Drive,Model Y,2022.0,ON,1062.0,10.0,488.0,73500
29999,Rear-Wheel Drive,Model S,2014.0,ON,1085.0,12.0,407.0,159578
53799,All-Wheel Drive,Model 3,2022.0,AB,1085.0,10.0,507.0,82806
29995,Rear-Wheel Drive,Model 3,2021.0,QC,1085.0,10.0,430.0,127905
40998,Rear-Wheel Drive,Model 3,2023.0,ON,1085.0,10.4,438.0,28074
32995,Rear-Wheel Drive,Model 3,2022.0,ON,1085.0,10.0,430.0,122000
56600,All-Wheel Drive,Model Y,2022.0,BC,1062.0,10.0,488.0,65427
47995,All-Wheel Drive,Model 3,2023.0,ON,1085.0,11.5,576.0,51200
32771,All-Wheel Drive,Model 3,2020.0,BC,1085.0,10.0,354.0,61994
54995,All-Wheel Drive,Model Y,2021.0,ON,1062.0,10.0,509.0,28000
44900,Rear-Wheel Drive,Model 3,2023.0,BC,1085.0,10.4,438.0,66121
31850,Rear-Wheel Drive,Model 3,2020.0,BC,1085.0,10.0,402.0,131479
79800,All-Wheel Drive,Model X,2018.0,BC,1046.0,12.0,475.0,42605
37850,Rear-Wheel Drive,Model 3,2021.0,BC,1085.0,10.0,430.0,86705
27995,All-Wheel Drive,Model 3,2020.0,ON,1085.0,10.0,354.0,98400
68850,All-Wheel Drive,Model 3,2024.0,BC,1085.0,9.4,549.0,1500
34900,unknown,Model 3,2018.0,BC,1085.0,10.0,430.0,103640
59900,All-Wheel Drive,Model Y,2022.0,ON,1063.0,10.0,488.0,24555
36900,unknown,Model 3,2018.0,BC,1085.0,10.0,430.0,72177
35850,Rear-Wheel Drive,Model 3,2021.0,BC,1085.0,10.0,430.0,114662
52950,All-Wheel Drive,Model Y,2022.0,QC,1062.0,10.0,488.0,73537
47995,All-Wheel Drive,Model 3,2022.0,QC,1085.0,10.0,538.0,39000
45990,All-Wheel Drive,Model S,2018.0,BC,1085.0,12.0,417.0,162965
79900,All-Wheel Drive,Model X,2020.0,QC,1046.0,12.0,565.0,56007
52995,All-Wheel Drive,Model Y,2022.0,QC,1062.0,10.0,531.0,51248
54988,All-Wheel Drive,Model Y,2022.0,ON,1062.0,10.0,488.0,55500
49850,All-Wheel Drive,Model Y,2020.0,BC,1062.0,10.0,509.0,78528
48850,All-Wheel Drive,Model Y,2020.0,BC,1062.0,10.0,509.0,95939
34995,Rear-Wheel Drive,Model 3,2018.0,ON,1085.0,12.0,499.0,100738
27900,All-Wheel Drive,Model S,2015.0,QC,1085.0,12.0,435.0,301000
30995,Rear-Wheel Drive,Model S,2013.0,ON,1085.0,12.0,407.0,190162
54999,All-Wheel Drive,Model Y,2023.0,ON,1062.0,11.5,531.0,35671
36850,Rear-Wheel Drive,Model 3,2021.0,BC,1085.0,10.0,430.0,112690
36981,All-Wheel Drive,Model 3,2020.0,SK,1085.0,10.0,518.0,125729
58888,All-Wheel Drive,Model Y,2020.0,BC,1062.0,10.0,507.0,42552
52888,All-Wheel Drive,Model Y,2021.0,BC,1062.0,10.0,509.0,75019
26995,All-Wheel Drive,Model 3,2020.0,ON,1085.0,10.0,354.0,152000
33995,All-Wheel Drive,Model 3,2019.0,NS,1085.0,10.0,499.0,157000
46888,All-Wheel Drive,Model Y,2020.0,BC,1062.0,10.0,509.0,125876
38332,unknown,Model 3,2018.0,BC,1085.0,10.0,430.0,93627
69888,All-Wheel Drive,Model Y,2024.0,BC,1062.0,9.0,499.0,19019
34850,Rear-Wheel Drive,Model 3,2019.0,BC,1085.0,10.0,386.0,96002
26800,Rear-Wheel Drive,Model S,2013.0,ON,1085.0,12.0,426.0,97629
40850,Rear-Wheel Drive,Model 3,2021.0,BC,1085.0,10.0,430.0,81459
37888,Rear-Wheel Drive,Model 3,2019.0,BC,1085.0,10.0,386.0,53645
40850,Rear-Wheel Drive,Model 3,2021.0,BC,1085.0,10.0,430.0,82308
38499,Rear-Wheel Drive,Model 3,2020.0,QC,1085.0,10.0,402.0,56159
49988,Rear-Wheel Drive,Model Y,2023.0,QC,1064.0,9.4,418.0,20131
51950,Rear-Wheel Drive,Model Y,2023.0,BC,1064.0,9.4,418.0,28000
69900,unknown,Model X,2016.0,BC,1046.0,12.0,475.0,76000
59850,All-Wheel Drive,Model Y,2022.0,BC,1062.0,10.0,531.0,70939
52888,All-Wheel Drive,Model Y,2021.0,BC,1062.0,10.0,509.0,95801
28995,All-Wheel Drive,Model 3,2020.0,QC,1085.0,10.0,354.0,106714
22888,Rear-Wheel Drive,Model S,2013.0,BC,1085.0,10.0,335.0,186017
59950,All-Wheel Drive,Model 3,2022.0,BC,1085.0,10.0,538.0,15000
